{
  "categories": [
    {
      "category_name": "standard_items",
      "format_info": {
        "format_title": "**{title}**\nPlaybook: _All playbooks_\nItem  Load _{load}_",
        "format_field_header": "**{field_header}**",
        "format_field_text": "_{field_text}_"
      },
      "entries": [
        {
          "title": "A Blade or two",
          "description": "Perhaps you carry a simple fighting knife. Or two curved swords. Or a rapier and stiletto. Or a heavy butcher's cleaver.",
          "fields": [
            {
              "field_header": "Tip",
              "field_text": "Your choice of blade might reflect your heritage:\nIn the North (**Akoros** and **Skovlan**) blades tend to be broad, heavy, and single-edged.\nIn **Severos**, the horse-lords favor spears in battle, but for personal combat they carry distinctive double-edged daggers with very wide blades, often intricately inscribed with family histories.\nIn the **Dagger Isles**, the corsairs often use narrow, light blades made for quick thrusts such as the rapier and stiletto.\nIn **Iruvia**, curved blades are common; sharpened on the outer edge like a saber, or sharpened on the inner edge, like a sickle."
            }
          ],
          "load": 1
        },
        {
          "title": "Throwing knives",
          "description": "Six small, light blades.",
          "load": 1
        },
        {
          "title": "A pistol",
          "description": "A heavy, single-shot, breechloading firearm. Devastating at 20 paces, slow to reload.",
          "load": 1
        },
        {
          "title": "A large weapon",
          "description": "A weapon meant for two hands. A battle-axe, greatsword, warhammer, or pole-arm. A hunting rifle. A blunderbuss. A bow or crossbow.",
          "load": 2
        },
        {
          "title": "An unusual weapon",
          "description": "A curiosity or tool turned into a weapon. A whip, a flail, a hatchet, a shovel, a length of chain, a razor-edged fan, steel-toed boots.",
          "load": 1
        },
        {
          "title": "Armor",
          "description": "A thick leather tunic plus reinforced gloves and boots.",
          "fields": [
            {
              "field_header": "Adding heavy armor",
              "field_text": "**+Heavy[3 load]**: The addition of chain mail, metal plates, a metal helm. The load for heavy armor is in addition to normal armor load total."
            }
          ],
          "load": 2
        },
        {
          "title": "Burglary Gear",
          "description": "A set of lockpicks. A small pry-bar. Vials of oil to silence squeaky hinges. A coil of wire and fishing hooks. A small pouch of fine sand.",
          "load": 1
        },
        {
          "title": "Climbing Gear",
          "description": "A large coil of rope. A small coil of rope. Grappling hooks. A small pouch of chalk dust. A climbing harness with loops and metal rings. A set of iron pitons and a small mallet.",
          "load": 2
        },
        {
          "title": "Documents",
          "description": "A collection of slim volumes on a variety of topics, including a registry of the nobility, City Watch commanders, and other notable citizens. Blank pages, a vial of ink, a pen. A number of interesting maps.",
          "load": 1
        },
        {
          "title": "Arcane Implements",
          "description": "A vial of quicksilver. A pouch of black salt. A spirit anchor in the form of a small stone. A spirit bottle. A vial of electroplasm, designed to breakand splatter on impact.",
          "load": 1
        },
        {
          "title": "Subterfuge Supplies",
          "description": "A theatrical makeup kit. A selection of blank documents, ready for the forger's hand. Costume jewelry. A reversible cloak and distinctive hat. A forged badge of office.",
          "load": 1
        },
        {
          "title": "Demolition Tools",
          "description": "A sledgehammer and iron spikes. Heavy drill. Crowbar.",
          "load": 2
        },
        {
          "title": "Tinkering Tools",
          "description": "An assortment for detailed mechanist work: jeweler's loupe, tweezers, a small hammer, pliers, screwdriver, etc.",
          "load": 1
        },
        {
          "title": "Lantern",
          "description": "A simple oil lantern, a fancy electroplasmic lamp, or other light source.",
          "load": 1
        },
        {
          "title": "Spiritbane Charm",
          "description": "A small arcane trinket that ghosts prefer to avoid.",
          "load": 0
        },
        {
          "title": "Gadgets",
          "description": "You may create gadgets during downtime by Tinkering with tools and materials.",
          "fields": [
            {
              "field_header": "Also",
              "field_text": "Track the load for each gadget you deploy during an operation."
            }
          ],
          "load": 1
        }
      ]
    },
    {
      "category_name": "playbook_items",
      "format_info": {
        "format_title": "**{title}**\nPlaybook: _{playbook}_\nItem  Load _{load}_",
        "format_field_header": "**{field_header}**",
        "format_field_text": "_{field_text}_"
      },
      "entries": [
        {
          "title": "Fine hand weapon",
          "playbook": "Cutter",
          "description": "A finely crafted one-handed melee weapon of your choice.",
          "fields": [
            {
              "field_header": "Also",
              "field_text": "Is this a well-crafted standard weapon, like a perfectly-balanced dagger, or something exotic, like an Iruvian dueling saber or a metal-banded war-club?"
            }
          ],
          "load": 1
        },
        {
          "title": "Fine heavy weapon",
          "playbook": "Cutter",
          "description": "A finely crafted two-handed melee weapon of your choice.",
          "fields": [
            {
              "field_header": "Also",
              "field_text": "A warhammer, a greatsword, a military pike, a battleaxe, etc. A heavy weapon has more reach and hits harder than a standard weapon. This might give you potency when the power or reach of the weapon is a factor."
            }
          ],
          "load": 2
        },
        {
          "title": "Scary weapon or tool",
          "playbook": "Cutter",
          "description": "Scary-looking hand weapon or tool. This item grants increased effect when you intimidate, not increased harm in combat.",
          "load": 1
        },
        {
          "title": "Manacles & chain",
          "playbook": "Cutter",
          "description": "A set of heavy manacles and chain, suitable for restraining a prisoner.",
          "fields": [
            {
              "field_header": "Also",
              "field_text": "A souvenir from a stay with the Bluecoats, perhaps?"
            }
          ],
          "load": 0
        },
        {
          "title": "Rage essence vial",
          "playbook": "Cutter",
          "description": "A single dose, which greatly enhances the user's strength, resistance to pain, and irrational aggression for the span of several minutes.",
          "fields": [
            {
              "field_header": "Also",
              "field_text": "The GM will modify your position and effect accordingly when you fight on rage essence. Also, you suffer two consequences: \"Can't Tell Friend From Foe\" and \"Can't Stop Until They're All Broken.\" You may resist these as usual."
            }
          ],
          "load": 0
        },
        {
          "title": "Fine pair of pistols",
          "playbook": "Hound",
          "description": "A matched pair of handguns, made for greater accuracy, with double barrels that allow for two shots before reloading.",
          "fields": [
            {
              "field_header": "Also",
              "field_text": "Were your pistols made by Kardera's Daughters, Templeton & Slane, the Imperial Forge, or some other gunsmith? How do they stand out from the average handgun?"
            }
          ],
          "load": 1
        },
        {
          "title": "Fine long rifle",
          "playbook": "Hound",
          "description": "A finely crafted hunting rifle, deadly at long range, unwieldy in close quarters.",
          "fields": [
            {
              "field_header": "Also",
              "field_text": "Long rifles are usually illegal for private citizens in Doskvol, but you have (real or forged) military paperwork for this one."
            }
          ],
          "load": 2
        },
        {
          "title": "Electroplasmic ammunition",
          "playbook": "Hound",
          "description": "A bandolier of electroplasmic ammo, especially potent against spirits, but less effective against physical targets.",
          "fields": [
            {
              "field_header": "Also",
              "field_text": "The electrical charge is enough to stun a person, but does very little real harm. Several hits might incapacitate a human target. This ammunition is especially reactive in the ghost field—make a 4-clock called \"Attention from the Spirit Wardens\" and tick it for every operation in which this ammo was used."
            }
          ],
          "load": 1
        },
        {
          "title": "A trained hunting pet",
          "playbook": "Hound",
          "description": "Your animal companion obeys your commands and anticipates your actions.",
          "fields": [
            {
              "field_header": "Also",
              "field_text": "Cohort (Expert: Hunter)."
            }
          ],
          "load": 1
        },
        {
          "title": "Spyglass",
          "playbook": "Hound",
          "description": "A brass tube with lenses that allow long-distance vision. Collapsible. May attach to a rifle.",
          "load": 1
        },
        {
          "title": "Fine tinkering tools",
          "playbook": "Leech",
          "description": "A finely crafted set of tools for detailed mechanist work. A jeweler's loupe. Measuring devices.",
          "load": 1
        },
        {
          "title": "Fine wrecking tools",
          "playbook": "Leech",
          "description": "A specialized set of tools for sabotage and destruction. A small, powerful drill. A mallet and steel spikes. A prybar. An electroplasmic battery, clamps, wire. Vials of acid. A spark-torch cutter and fuel tank.",
          "load": 2
        },
        {
          "title": "Blowgun & darts, syringes",
          "playbook": "Leech",
          "description": "A small tube and darts that can be filled from alchemy flasks. Empty syringes.",
          "load": 0
        },
        {
          "title": "Bandolier",
          "playbook": "Leech",
          "description": "A strap worn across the body, fitted with specially-padded pouches to hold three alchemical agents or spark-craft bombs. When you employ an alchemical or bomb from a bandolier, choose one from the list at right (or one of your custom-made formulas).\n(To find more information about the contained items see wiki entry bandolier items)",
          "fields": [
            {
              "field_header": "Also",
              "field_text": "During downtime, you automatically refill your bandoliers, so long as you have reasonable access to a supplier or workshop."
            }
          ],
          "load": 1
        },
        {
          "title": "Fine lockpicks",
          "playbook": "Lurk",
          "description": "A finely crafted set of tools to disable and circumvent locks.",
          "load": 0
        },
        {
          "title": "Fine shadow cloak",
          "playbook": "Lurk",
          "description": "A hooded cloak made of rare Iruvian shadow-silk that blends into the darkness around it.",
          "fields": [
            {
              "field_header": "Also",
              "field_text": "This item improves your effect level when you sneak around."
            }
          ],
          "load": 1
        },
        {
          "title": "Light climbing gear",
          "playbook": "Lurk",
          "description": "A well-crafted set of climbing gear that is less bulky and heavy than a standard set.",
          "fields": [
            {
              "field_header": "Also",
              "field_text": "Standard climbing gear is 2 load."
            }
          ],
          "load": 1
        },
        {
          "title": "Silence potion vial:",
          "playbook": "Lurk",
          "description": "A vial of golden liquid that negates all sound within 10 paces of the drinker for a span of several moments.",
          "load": 0
        },
        {
          "title": "Dark-sight goggles",
          "playbook": "Lurk",
          "description": "An arcane device that allows the wearer to see in pitch darkness as if it were well-lit.",
          "load": 1
        },
        {
          "title": "Fine clothes & jewelry",
          "playbook": "Slide",
          "description": "An outfit that appears to be of such fine make as to pass you off as a wealthy noble.",
          "fields": [
            {
              "field_header": "Also",
              "field_text": "If you're carrying this item as a second outfit to change into, it counts as **2 load.**"
            }
          ],
          "load": 0
        },
        {
          "title": "Fine disguise kit",
          "playbook": "Slide",
          "description": "A theatrical make-up kit equipped with an impressive array of expert appliances to fool the eye.",
          "fields": [
            {
              "field_header": "Also",
              "field_text": "The fine quality of this kit may increase the effect of your deceptive actions when you use it."
            }
          ],
          "load": 1
        },
        {
          "title": "Fine loaded dice, trick cards",
          "playbook": "Slide",
          "description": "Gambling accouterments subtly altered to favor particular outcomes.",
          "fields": [
            {
              "field_header": "Also",
              "field_text": "The fine quality of this kit may increase the effect of your deceptive actions when you use it."
            }
          ],
          "load": 0
        },
        {
          "title": "Trance powder",
          "playbook": "Slide",
          "description": "A dose of the popular drug, which induces an altered mental state.",
          "fields": [
            {
              "field_header": "Also",
              "field_text": "The victim of this powder is not fully unconscious, but rather retreats into a calm, suggestible mental state, similar to hypnotism."
            }
          ],
          "load": 0
        },
        {
          "title": "A cane-sword",
          "playbook": "Slide",
          "description": "A slim sword and its sheath, disguised as a noble's cane.",
          "fields": [
            {
              "field_header": "Also",
              "field_text": "The disguise will fool a cursory inspection."
            }
          ],
          "load": 1
        },
        {
          "title": "Fine cover identity",
          "playbook": "Spider",
          "description": "Paperwork, planted stories and rumors, and false relationships sufficient to pass as a different person.",
          "load": 0
        },
        {
          "title": "Fine bottle of whiskey",
          "playbook": "Spider",
          "description": "A rare distillation from your personal collection, potent both in its alcohol and its ability to impress.",
          "load": 1
        },
        {
          "title": "Blueprints",
          "playbook": "Spider",
          "description": "A folio of useful architectural drawings and city plans.",
          "fields": [
            {
              "field_header": "Also",
              "field_text": "Feel free to specify which plans you're carrying when you choose this item."
            }
          ],
          "load": 1
        },
        {
          "title": "Vial of slumber essence",
          "playbook": "Spider",
          "description": "A dose of slumber essence sufficient to put someone to sleep for an hour.",
          "fields": [
            {
              "field_header": "Also",
              "field_text": "The victim's sleep isn't supernatural, but it is deep-they can be roused with some effort."
            }
          ],
          "load": 0
        },
        {
          "title": "Concealed palm pistol",
          "playbook": "Spider",
          "description": "A small firearm with a weak charge, easily concealed in a sleeve or waistcoat.",
          "fields": [
            {
              "field_header": "Also",
              "field_text": "This pistol has extremely limited range; only a few feet. It's very difficult to detect on your person, even if you're searched."
            }
          ],
          "load": 0
        },
        {
          "title": "Fine lightning hook",
          "playbook": "Whisper",
          "description": "A long, two-handed pole with a loop of heavy wire at the end, connected to an electroplasmic capacitor. Suitable for grappling a spirit and dragging it into a spirit bottle.",
          "fields": [
            {
              "field_header": "Also",
              "field_text": "This custom-made hook collapses into a compact form, thus reducing its load to 1, even though it's two-handed."
            }
          ],
          "load": 1
        },
        {
          "title": "Fine spirit mask",
          "playbook": "Whisper",
          "description": "An arcane item that allows the trained user to see supernatural energies in great detail. Also affords some measure of protection against ghostly possession.",
          "fields": [
            {
              "field_header": "Also",
              "field_text": "Each spirit mask is unique. What does yours look like? What makes it strange and disturbing to see?"
            }
          ],
          "load": 1
        },
        {
          "title": "Spirit bottles",
          "playbook": "Whisper",
          "description": "An arcane device used to trap a spirit. A metal and crystalline cylinder, the size of a loaf of bread.",
          "load": 1
        },
        {
          "title": "Ghost key",
          "playbook": "Whisper",
          "description": "An arcane device that can open ghost doors.",
          "fields": [
            {
              "field_header": "Also",
              "field_text": "There's an echo of the entire city, across the ages, trapped in the ghost field. Sometimes a door to that place can be found."
            }
          ],
          "load": 0
        },
        {
          "title": "Demonbane charm",
          "playbook": "Whisper",
          "description": "An arcane trinket that demons prefer to avoid.",
          "load": 0
        }
      ]
    },
    {
      "category_name": "stats",
      "format_info": {
        "format_title": "**{title}**",
        "format_field_header": "**{field_header}**"
      },
      "super_entry": {
        "title": "Actions",
        "format_info": {
          "format_title": "**{title}**",
          "format_field_header": "**{field_header}**",
          "format_field_text": "_{field_text}_"
        },
        "entries": [
          {
            "title": "Attune",
            "description": "When you Attune, you open your mind to the ghost field or other arcane power.",
            "fields": [
              {
                "field_header": "Example",
                "field_text": "You might communicate with a ghost or understand aspects of spectrology. You could try to perceive beyond sight in order to better understand your situation (but Surveying might be better)."
              }
            ]
          },
          {
            "title": "Command",
            "description": "When you Command, you compel swift obedience.",
            "fields": [
              {
                "field_header": "Example",
                "field_text": "You might intimidate or threaten to get what you want. You might lead a gang in a group action. You could try to order people around to persuade them (but Consorting might be better)."
              }
            ]
          },
          {
            "title": "Consort",
            "description": "When you Consort, you socialize with friends and contacts.",
            "fields": [
              {
                "field_header": "Example",
                "field_text": "You might gain access to resources, information, people, or places. You might make a good impression or win someone over with your charm and style. You might make new friends or connect with your heritage or background. You could try to manipulate your friends with social pressure (but Sway might be better)."
              }
            ]
          },
          {
            "title": "Finesse",
            "description": "When you Finesse, you employ dextrous manipulation or subtle misdirection.",
            "fields": [
              {
                "field_header": "Example",
                "field_text": "You might pick someone's pocket. You might handle the controls of a vehicle or direct a mount. You might formally duel an opponent with graceful fighting arts. You could try to employ those arts in a chaotic melee (but Skirmishing might be better). You could try to pick a lock (but Tinkering might be better)."
              }
            ]
          },
          {
            "title": "Hunt",
            "description": "When you Hunt, you carefully track a target.",
            "fields": [
              {
                "field_header": "Example",
                "field_text": "You might follow a target or discover their location. You might arrange an ambush. You might attack with precision shooting from a distance. You could try to bring your guns to bear in a melee (but Skirmishing might be better)."
              }
            ]
          },
          {
            "title": "Prowl",
            "description": "When you Prowl, you traverse skillfully and quietly.",
            "fields": [
              {
                "field_header": "Example",
                "field_text": "You might sneak past a guard or hide in the shadows. You might run and leap across the rooftops. You might attack someone from hiding with a backstab or blackjack. You could try to waylay a victim in the midst of battle (but Skirmishing might be better)."
              }
            ]
          },
          {
            "title": "Skirmish",
            "description": "When you Skirmish, you entangle a target in close combat so they can't easily escape.",
            "fields": [
              {
                "field_header": "Example",
                "field_text": "You might brawl or wrestle with them. You might hack and slash. You might seize or hold a position in battle. You could try to fight in a formal duel (but Finessing might be better)."
              }
            ]
          },
          {
            "title": "Study",
            "description": "When you Study, you scrutinize details and interpret evidence.",
            "fields": [
              {
                "field_header": "Example",
                "field_text": "You might gather information from documents, newspapers, and books. You might do research on an esoteric topic. You might closely analyze a person to detect lies or true feelings. You could try to examine events to understand a pressing situation (but Surveying might be better)."
              }
            ]
          },
          {
            "title": "Survey",
            "description": "When you Survey, you observe the situation and anticipate outcomes.",
            "fields": [
              {
                "field_header": "Example",
                "field_text": "You might spot telltale signs of trouble before it happens. You might uncover opportunities or weaknesses. You might detect a person's motivations or intentions. You could try to spot a good ambush point (but Hunting might be better)."
              }
            ]
          },
          {
            "title": "Sway",
            "description": "When you Sway, you influence with guile, charm, or argument.",
            "fields": [
              {
                "field_header": "Example",
                "field_text": "You might lie convincingly. You might persuade someone to do what you want. You might argue a compelling case that leaves no clear rebuttal. You could try to trick people into affection or obedience (but Consorting or Commanding might be better)."
              }
            ]
          },
          {
            "title": "Tinker",
            "description": "When you Tinker, you fiddle with devices and mechanisms.",
            "fields": [
              {
                "field_header": "Example",
                "field_text": "You might create a new gadget or alter an existing item. You might pick a lock or crack a safe. You might disable an alarm or trap. You might turn the clockwork and electroplasmic devices around the city to your advantage. You could try to use your technical expertise to control a vehicle (but Finessing might be better)."
              }
            ]
          },
          {
            "title": "Wreck",
            "description": "When you Wreck, you unleash savage force.",
            "fields": [
              {
                "field_header": "Example",
                "field_text": "You might smash down a door or wall with a sledgehammer, or use an explosive to do the same. You might employ chaos or sabotage to create a distraction or overcome an obstacle. You could try to overwhelm an enemy with sheer force in battle (but Skirmishing might be better)."
              }
            ]
          }
        ]
      }
    },
    {
      "category_name": "playbooks",
      "format_info": {
        "format_title": "**{title}**",
        "format_field_header": "_{field_header}_"
      },
      "entries": [
        {
          "title": "Cutter",
          "image": 1,
          "description": "In the underworld of the Dusk, there are scoundrels who take what they want at the bloody edge of a blade or with a threatening presence that can stop a man cold. They are the enforcers, the debt collectors, the killers, the leg-breakers, and the thugs, commonly known as Cutters.\nWhere subtlety fails, swift brutality-and the threat of worse to come-can solve the problem. Or at least turn it into a different kind of problem.\nWhen you play a Cutter, **you earn xp when you address a challenge with violence or coercion.** Go ahead and get up in everyone's smug faces and tell them who's boss, then let your blades do the talking if they don't get the message.\n\n_Do you have a personal code or a line you won't cross? Do you want to be the boss or do you want to be the enforcer for the boss? How did you acquire your taste for violence and coercion?_\n\n**+2 SKIRMISH\n+1 COMMAND**",
          "fields": [
            {
              "field_header": "Special Items",
              "field_sublist": [
                "**Fine** hand weapon",
                "**Fine** heavy weapon",
                "Scary weapon or tool",
                "Manacles & chain",
                "Rage essence vial"
              ]
            },
            {
              "field_header": "Friends and Rivals",
              "field_sublist": [
                "**Marlane**, a pugilist",
                "**Chael**, a vicious thug",
                "**Mercy**, a cold killer",
                "**Grace**, an extortionist",
                "**Sawtooth**, a physicker"
              ]
            }
          ]
        },
        {
          "title": "Hound",
          "image": 1,
          "description": "There's always a need for scoundrels who can find what others want to keep hidden. Whether that's a deadbeat gambler trying to skip out on their debts, a treacherous informant or witness who's going to squeal to the Bluecoats, or the trail to a treasure squirreled away in a secret vault, it's the Hounds that ferret them out.\nWhy have a fair fight, when you can stalk and ambush your prey on your terms? The underworld is your hunting ground.\n**When you play a Hound, you earn xp when you address a challenge with tracking or violence.** Take the initiative to hunt down opportunities and targets for a score and be willing to hurt whoever stands in your way.\n\n_Do you see the whole world as potential prey, or do you still care about people? Which target in the past gave you the most trouble? Why?_\n\n**+2 HUNT\n+1 SURVEY**",
          "fields": [
            {
              "field_header": "Special Items",
              "field_sublist": [
                "**Fine** pair of pistols",
                "**Fine** long rifle",
                "Electroplasmic ammunition",
                "A trained hunting pet",
                "Spyglass"
              ]
            },
            {
              "field_header": "Friends and Rivals",
              "field_sublist": [
                "**Steiner**, an assassin",
                "**Celene**, a sentinel",
                "**Melvir**, a physicker",
                "**Veleris**, a spy",
                "**Casta**, a bounty hunter"
              ]
            }
          ]
        },
        {
          "title": "Leech",
          "image": 1,
          "description": "The world is built on industry, and the underworld is no different. Leeches are the scoundrels who distill the drugs, refine the arcane essences, build the bombs, bandage the wounds, and forge the tools of the criminal trades and knowing how to make things also means knowing how to break them.\n**When you play a Leech, you earn xp when you address a challenge with technical skill or mayhem.** Duskwall is a city full of industrial machinery, spark-crafts, plumbing, and electrical systems for you to bend to your purposes or sabotage. Get out your tools and get your hands dirty.\n\n_The extensive training that makes a Leech is rare and strange among the disenfranchised underworld class. How did you learn your arts? Which side of the coin do you prefer, the side of creation and restoration, or the side of mayhem and destruction?_\n\n**+2 TINKER\n+1 WRECK**",
          "fields": [
            {
              "field_header": "Special Items",
              "field_sublist": [
                "**Fine** tinkering tools",
                "**Fine** wrecking tools",
                "Blowgun & darts, syringes",
                "Bandolier",
                "Gadgets"
              ]
            },
            {
              "field_header": "Friends and Rivals",
              "field_sublist": [
                "**Stazia**, an apothecary",
                "**Veldren**, a psychonaut",
                "**Eckerd**, a corpse thief",
                "**Jul**, a blood dealer",
                "**Malista**, a priestess"
              ]
            }
          ]
        },
        {
          "title": "Lurk",
          "image": 1,
          "description": "There is no longer any sunlight the world is plunged into eternal night. There are scoundrels who live in the darkness, who prowl the underworld unseen, trespassing where they will. They are the burglars, the spies, the infiltrators, the cut-throats commonly called Lurks.\n**When you play a Lurk, you earn xp when you address a challenge with stealth or evasion.** Stay out of sight, sneak past your enemies, and strike from the shadows. If things go wrong, there's no shame in disappearing into the darkness... for now. Your greatest ally is the dark and twisting city, its ink-dark streets, its rooftop pathways.\n\n_How did you learn the stealthy arts of the Lurk? Which aspect are you drawn to most? The invisible watcher, spying on the unwary? The adroit acrobat, racing across rooftops? The deadly ambush predator, waiting for a victim in the darkness?_\n\n**+2 PROWL\n+1 FINESSE**",
          "fields": [
            {
              "field_header": "Special Items",
               "field_sublist": [
                "**Fine** lockpicks",
                "**Fine** shadow cloak",
                "Light climbing gear",
                "Silence potion vial",
                "Dark-sight goggles"
              ]
            },
            {
              "field_header": "Friends and Rivals",
              "field_sublist": [
                "**Telda**, a beggar",
                "**Darmot**, a Bluecoat",
                "**Frake**, a locksmith",
                "**Roslyn Kellis**, a noble",
                "**Petra**, a city clerk"
              ]
            }
          ]
        },
        {
          "title": "Slide",
          "image": 1,
          "description": "It's said that the primal substance of the world is not mere matter or strange plasms, it's lies. Everything we do, everything we care about, everything we value, all lies we tell each other and ourselves. The world is a fabrication, a convenient fiction, a story and the storytellers are Slides.\n**When you play a Slide, you earn xp when you address a challenge with deception or influence.** Talk your way into trouble, then talk your way out again. Pretend to be someone you're not. Bluff, lie, and manipulate to get your way. Every problem is ultimately a problem because of people and people are the instrument upon which you play your music.\n\n_Is there anything true about you, at your core? Or are you whatever you need to be, day to day? Are all of your relationships merely gambits that you play for your advantage?_\n\n**+2 SWAY\n+1 CONSORT**",
                    "fields": [
            {
              "field_header": "Special Items",
              "field_sublist": [
                "**Fine** clothes & jewelry",
                "**Fine** disguise kit",
                "**Fine** loaded dice, trick cards",
                "Trance powder",
                "A cane-sword"
              ]
            },
            {
              "field_header": "Friends and Rivals",
              "field_sublist": [
                "**Bryl**, a drug dealer",
                "**Bazso Baz**, a gang leader",
                "**Klyra**, a tavern owner",
                "**Nyryx**, a prostitute",
                "**Harker**, a jail bird"
              ]
            }
          ]
        },
        {
          "title": "Spider",
          "image": 1,
          "description": "The underworld may appear on the surface to be a chaotic array of warring factions and bloody deeds, but it has a beautiful order to those who are able to see it. This pattern is the web of connections, favors, vendettas, and secrets that bind the criminal world together. The scoundrels who pluck the strands of this web are known as Spiders.\n**When you play a Spider, you earn xp when you address a challenge with calculation or conspiracy.** Reach out to your contacts, friends, and associates to set your crew up for success. Use your downtime activities and flashbacks wisely to prepare for trouble and to calculate the angles of success. When things go wrong, don't panic, and remember: you planned for this.\n\n_Are you enmeshed in the network of favors and debts that you exploit as a Spider, or do you scrupulously hold yourself apart, as a cold predator upon the web?_\n\n**+2 CONSORT\n+1 STUDY**",
          "fields": [
            {
              "field_header": "Special Items",
              "field_sublist": [
                "**Fine** cover identity",
                "**Fine** bottle of whiskey",
                "Blueprints",
                "Vial of slumber essence",
                "Concealed palm pistol"
              ]
            },
            {
              "field_header": "Friends and Rivals",
              "field_sublist": [
                "**Salia**, an information broker",
                "**Augus**, a master architect",
                "**Jennah**, a servant",
                "**Riven**, a chemist",
                "**Jeren**, a Bluecoat archivist"
              ]
            }
          ]
        },
        {
          "title": "Whisper",
          "image": 1,
          "description": "Duskwall is a haunted place, plagued by rogue spirits consumed by vengeance, by cunning demons manipulating humans for their own inscrutable purposes, and by even stranger horrors lurking in the space just beyond sight and reason. To go into this shadowy world without knowledge of the arcane and the occult is to walk unarmed into the lair of the enemy. The Whispers are the sentinels who watch the greater darkness-staring into the void so others don't have to.\n**When you play a Whisper, you earn xp when you address a challenge with knowledge or arcane power.** Seek out the strange and dark forces and bend them to your will. By being willing to face the trauma from the stress-intensive abilities of the arcane, you'll slowly remove parts of yourself, and replace them with power.\n\n_Why did you pursue the path of the Whisper? How did you develop your abilities? Are you a natural, did you study and practice on your own, or did you have a mentor?_\n\n**+2 ATTUNE\n+1 STUDY**",
          "fields": [
            {
              "field_header": "Special Items",
              "field_sublist": [
                "**Fine** lightning hook",
                "**Fine** spirit mask",
                "Spirit bottles (2)",
                "Ghost key",
                "Demonbane charm"
              ]
            },
            {
              "field_header": "Friends and Rivals",
              "field_sublist": [
                "**Nyryx**, a possessor ghost",
                "**Scurlock**, a vampire",
                "**Setarra**, a demon",
                "**Quellyn**, a witch",
                "**Flint**, a spirit trafficker"
              ]
            }
          ]
        }
      ]
    },
    {
      "category_name": "sample-creations",
      "format_info": {
        "format_title": "**{title}**"
      },
      "entry_groups": [
        {
          "group_values": {
            "fields": [
              {
                "field_header": "Type",
                "field_text": "SPARK-CRAFT/ Bomb"
              },
              {
                "field_header": "Drawback",
                "field_text": "(Conspicuous): This creation doesn't go unnoticed. Take **+1 HEAT** if it's used any number of times on an operation.",
                "field_inline": 0
              }
            ]
          },
          "entries": [
            {
              "title": "Grenade",
              "description": "A small explosive charge with a short fuse that detonates into metal shrapnel.",
              "fields": [
                {
                  "field_header": "Uses / Ammo",
                  "field_text": "2"
                },
                {
                  "field_header": "Tier",
                  "field_text": "III"
                }
              ]
            },
            {
              "title": "Large Bomb",
              "description": "A large explosive charge with a long fuse.",
              "fields": [
                {
                  "field_header": "Uses / Ammo",
                  "field_text": "1"
                },
                {
                  "field_header": "Tier",
                  "field_text": "V"
                }
              ]
            },
            {
              "title": "Smoke Bomb",
              "description": "Creates a cloud of acrid smoke that's difficult to breathe and stings the eyes.",
              "fields": [
                {
                  "field_header": "Uses / Ammo",
                  "field_text": "2"
                },
                {
                  "field_header": "Tier",
                  "field_text": "II"
                }
              ]
            }
          ]
        },
        {
          "group_values": {
            "fields": [
              {
                "field_header": "Type",
                "field_text": "ALCHEMICAL/ Drug"
              },
              {
                "field_header": "Drawback",
                "field_text": "(Volatile): The item creates this side effect as a consequence (Can be resisted):  \"Woozy\", lvl 1 harm",
                "field_inline": 0
              }
            ]
          },
          "entries": [
            {
              "title": "Black Lotus",
              "description": "A tar-like resin made from the leaves of the plant. Induces coma-like stupor and visions.",
              "fields": [
                {
                  "field_header": "Uses / Ammo",
                  "field_text": "3"
                },
                {
                  "field_header": "Tier",
                  "field_text": "I"
                }
              ]
            },
            {
              "title": "Bloodneedle",
              "description": "Induces fever, euphoric mania, rampant energy.",
              "fields": [
                {
                  "field_header": "Uses / Ammo",
                  "field_text": "3"
                },
                {
                  "field_header": "Tier",
                  "field_text": "I"
                }
              ]
            },
            {
              "title": "Dream Smoke",
              "description": "A milder formulation of black lotus. Induces a pleasant intoxication.",
              "fields": [
                {
                  "field_header": "Uses / Ammo",
                  "field_text": "3"
                },
                {
                  "field_header": "Tier",
                  "field_text": "I"
                }
              ]
            },
            {
              "title": "Quicksilver",
              "description": "A toxic metallic fluid. The user's mind opens further to the ghost field. Take +1d to Attune  roll upon use, suffer level 2 harm (\"Zoned-out\").",
              "fields": [
                {
                  "field_header": "Uses / Ammo",
                  "field_text": "1"
                },
                {
                  "field_header": "Tier",
                  "field_text": "IV"
                }
              ]
            },
            {
              "title": "Spark",
              "description": "A measure of raw electroplasm blended with seawater. The user feels empowered and emits mild electrical energy.",
              "fields": [
                {
                  "field_header": "Uses / Ammo",
                  "field_text": "3"
                },
                {
                  "field_header": "Tier",
                  "field_text": "I"
                }
              ]
            },
            {
              "title": "Trance Powder",
              "description": "A glittering blue powder. Induces a pleasant hypnotic trance when inhaled.",
              "fields": [
                {
                  "field_header": "Uses / Ammo",
                  "field_text": "3"
                },
                {
                  "field_header": "Tier",
                  "field_text": "I"
                }
              ]
            }
          ]
        },
        {
          "group_values": {
            "fields": [
              {
                "field_header": "Type",
                "field_text": "ALCHEMICAL/ Oil"
              }
            ]
          },
          "entries": [
            {
              "title": "Alcahest",
              "description": "A fluid that stops the effects of any other alchemical.",
              "fields": [
                {
                  "field_header": "Uses / Ammo",
                  "field_text": "1"
                },
                {
                  "field_header": "Tier",
                  "field_text": "III"
                }
              ]
            },
            {
              "title": "Binding Oil",
              "description": "Permanently fuses two surfaces until dissolved by alcahest or electroplasm.",
              "fields": [
                {
                  "field_header": "Uses / Ammo",
                  "field_text": "1"
                },
                {
                  "field_header": "Tier",
                  "field_text": "III"
                }
              ]
            },
            {
              "title": "Fire Oil",
              "description": "Erupts in searing flame upon contact with air.",
              "fields": [
                {
                  "field_header": "Uses / Ammo",
                  "field_text": "3"
                },
                {
                  "field_header": "Tier",
                  "field_text": "III"
                }
              ]
            }
          ]
        },
        {
          "group_values": {
            "fields": [
              {
                "field_header": "Type",
                "field_text": "ALCHEMICAL/ Poison"
              },
              {
                "field_header": "Drawback",
                "field_text": "(Volatile): The item creates this side effect as a consequence (Can be resisted): \"Sickened\", lvl 1 harm",
                "field_inline": 0
              }
            ]
          },
          "entries": [
            {
              "title": "Drown Powder",
              "description": "A fine dust that incapacitates by giving the sensation of drowning.",
              "fields": [
                {
                  "field_header": "Uses / Ammo",
                  "field_text": "2"
                },
                {
                  "field_header": "Tier",
                  "field_text": "III"
                }
              ]
            },
            {
              "title": "Eyeblind Poison",
              "description": "A powder that causes blindness for a moment.",
              "fields": [
                {
                  "field_header": "Uses / Ammo",
                  "field_text": "3"
                },
                {
                  "field_header": "Tier",
                  "field_text": "III"
                }
              ]
            },
            {
              "title": "Skullfire Poison",
              "description": "Toxic fumes from overly heated leviathan blood. Causes incapacitating migraines.",
              "fields": [
                {
                  "field_header": "Uses / Ammo",
                  "field_text": "1"
                },
                {
                  "field_header": "Tier",
                  "field_text": "III"
                }
              ]
            },
            {
              "title": "Standstill Poison",
              "description": "A powder that causes temporary paralysis.",
              "fields": [
                {
                  "field_header": "Uses / Ammo",
                  "field_text": "1"
                },
                {
                  "field_header": "Tier",
                  "field_text": "IV"
                }
              ]
            }
          ]
        },
        {
          "group_values": {
            "fields": [
              {
                "field_header": "Type",
                "field_text": "ARCANE/ Potion"
              }
            ]
          },
          "entries": [
            {
              "title": "Silence Potion",
              "description": "Creates an area of utter silence around the shattered vial.",
              "fields": [
                {
                  "field_header": "Uses / Ammo",
                  "field_text": "1"
                },
                {
                  "field_header": "Tier",
                  "field_text": "III"
                }
              ]
            },
            {
              "title": "Shadow Essence",
              "description": "A distillation of the void. Creates a cloud of unnatural pitch darkness.",
              "fields": [
                {
                  "field_header": "Uses / Ammo",
                  "field_text": "1"
                },
                {
                  "field_header": "Tier",
                  "field_text": "III"
                }
              ]
            },
            {
              "title": "Viper Potion",
              "description": "The user's saliva and blood become highly toxic to others for a few minutes.",
              "fields": [
                {
                  "field_header": "Uses / Ammo",
                  "field_text": "1"
                },
                {
                  "field_header": "Tier",
                  "field_text": "IV"
                }
              ]
            }
          ]
        },
        {
          "group_values": {
            "fields": [
              {
                "field_header": "Type",
                "field_text": "ARCANE/ Oil"
              }
            ]
          },
          "entries": [
            {
              "title": "Drift Oil",
              "description": "Creates neutral buoyancy when poured on an object, causing it to float in the air for an hour.",
              "fields": [
                {
                  "field_header": "Uses / Ammo",
                  "field_text": "1"
                },
                {
                  "field_header": "Tier",
                  "field_text": "III"
                }
              ]
            }
          ]
        }
      ]
    },
    {
      "category_name": "Alchemicals",
      "format_info": {
        "format_title": "**{title}**",
        "format_field_header": "**{field_header}**"
      },
      "super_entry": {
        "title": "Alchemicals",
        "format_info": {
          "format_title": "**{title}**",
          "format_field_header": "**{field_header}**",
          "format_field_text": "_{field_text}_"
        },
        "reference_entries": [
          "Alcahest",
          "Binding Oil",
          "Drift Oil",
          "Drown Powder",
          "Eyeblind Poison",
          "Fire Oil",
          "Grenade",
          "Quicksilver",
          "Skullfire Poison",
          "Smoke Bomb",
          "Spark",
          "Standstill Poison",
          "Trance Powder"
        ]
      }
    }
  ]
}